PRAGMA foreign_keys = ON;

-- CLUBE

INSERT INTO Clube VALUES ("Benfica",1927,"Lisboa","Norberto Alves");
INSERT INTO Clube VALUES ("Sporting",1927,"Lisboa","Luís Magalhães");
INSERT INTO Clube VALUES ("FC Porto",1926,"Porto","Ramon Suárez");
INSERT INTO Clube VALUES ("UD Oliveirense",1922,"Oliveira de Azeméis","João Figueiredo");
INSERT INTO Clube VALUES ("Imortal",2011,"Albufeira","Luís Modesto");
INSERT INTO Clube VALUES ("CAB Madeira",1979,"Funchal","João Paulo Silva");
INSERT INTO Clube VALUES ("Lusitânia",1922,"Angra do Heroísmo","Nuno Barroso");
INSERT INTO Clube VALUES ("CD Póvoa",1971,"Póvoa de Varzim","José Rodrigues");
INSERT INTO Clube VALUES ("Ovarense",1970,"Ovar","João Silva");
INSERT INTO Clube VALUES ("Vitória SC",1993,"Guimarães","Carlos Fechas");
INSERT INTO Clube VALUES ("Illiabum",1943,"Ílhavo","Nuno Manarte");
INSERT INTO Clube VALUES ("Académica",1928,"Coimbra","Rafael Armada");
INSERT INTO Clube VALUES ("Bom dia FC", 1918, "Bom dia", "Café da Manhã");

-- JOGADOR

INSERT INTO Jogador VALUES (272930,"Aaron Broussard",1990-04-14,196,'M',"ESTADOS UNIDOS DA AMÉRICA",316);
INSERT INTO Jogador VALUES (130949,"Arnette Hallman",1988-01-06,198,'M',"ESPANHA",30);
INSERT INTO Jogador VALUES (272931,"Dennis Clifford",1992-02-29,216,'M',"ESTADOS UNIDOS DA AMÉRICA",123);
INSERT INTO Jogador VALUES (150447,"Diogo Gameiro",1995-08-13,183,'M',"PORTUGAL",29);
INSERT INTO Jogador VALUES (266618,"Eduardo Francisco",2003-11-05,200,'M',"ANGOLA",18);
INSERT INTO Jogador VALUES (277848,"Frank Gaines",1990-07-07,193,'M',"ESTADOS UNIDOS DA AMÉRICA",425);
INSERT INTO Jogador VALUES (200711,"Guilherme Saiote",2002-05-10,186,'M',"PORTUGAL",9);
INSERT INTO Jogador VALUES (193812,"Hugo Silva",2002-05-06,203,'M',"PORTUGAL",4);
INSERT INTO Jogador VALUES (176575,"Ivan Almeida",1989-05-10,198,'M',"CABO VERDE",202);
INSERT INTO Jogador VALUES (272932,"James Farr",1992-11-02,208,'M',"ESTADOS UNIDOS DA AMÉRICA",131);
INSERT INTO Jogador VALUES (150245,"João Gomes",1985-02-05,200,'M',"PORTUGAL",410);
INSERT INTO Jogador VALUES (139461,"José Silva",1989-04-16,194,'M',"PORTUGAL",266);
INSERT INTO Jogador VALUES (125975,"José Barbosa",1990-10-18,178,'M',"PORTUGAL",159);
INSERT INTO Jogador VALUES (273133,"Makram Romdhane",1989-03-27,206,'M',"TUNÍSIA",364);
INSERT INTO Jogador VALUES (129794,"Tomás Barroso",1990-11-02,182,'M',"PORTUGAL",36);
INSERT INTO Jogador VALUES (268941,"Travis Munnings",1994-09-14,198,'M',"BAHAMAS",219);
INSERT INTO Jogador VALUES (280845,"Wendell Lewis",1989-09-21,208,'M',"ESTADOS UNIDOS DA AMÉRICA",144);
INSERT INTO Jogador VALUES (196448,"Afonso Guedes",2003-03-06,196,'M',"PORTUGAL",206);
INSERT INTO Jogador VALUES (166708,"António Monteiro",1989-04-02,204,'M',"ANGOLA",267);
INSERT INTO Jogador VALUES (139206,"Daniel Machado",1990-04-11,190,'M',"PORTUGAL",51);
INSERT INTO Jogador VALUES (217588,"Daniel Relvão",1996-06-26,208,'M',"PORTUGAL",134);
INSERT INTO Jogador VALUES (136299,"Diogo Ventura",1994-06-24,194,'M',"PORTUGAL",262);
INSERT INTO Jogador VALUES (170452,"Diogo Araújo",1997-04-16,199,'M',"PORTUGAL",97);
INSERT INTO Jogador VALUES (185166,"João Fernandes",1992-12-01,200,'M',"ANGOLA",187);
INSERT INTO Jogador VALUES (272934,"Joshua Patton",1997-03-07,203,'M',"ESTADOS UNIDOS DA AMÉRICA",251);
INSERT INTO Jogador VALUES (279678,"Justin Tuoyo",1994-06-18,206,'M',"ESTADOS UNIDOS DA AMÉRICA",73);
INSERT INTO Jogador VALUES (256011,"Micah Downs",1986-09-08,203,'M',"ESTADOS UNIDOS DA AMÉRICA",184);
INSERT INTO Jogador VALUES (125679,"Miguel Cardoso",1993-01-15,186,'M',"PORTUGAL",180);
INSERT INTO Jogador VALUES (269329,"Seydougou Santis",1997-10-05,206,'M',"ESTADOS UNIDOS DA AMÉRICA",207);
INSERT INTO Jogador VALUES (268935,"Shakir Smith",1992-10-25,185,'M',"ESTADOS UNIDOS DA AMÉRICA",194);
INSERT INTO Jogador VALUES (262570,"Tanner Omlid",1993-12-02,191,'M',"ESTADOS UNIDOS DA AMÉRICA",206);
INSERT INTO Jogador VALUES (249301,"Travante Williams",1993-07-29,195,'M',"ESTADOS UNIDOS DA AMÉRICA",410);
INSERT INTO Jogador VALUES (235796,"Bradley Tinsley",1989-05-10,191,'M',"ESTADOS UNIDOS DA AMÉRICA",158);
INSERT INTO Jogador VALUES (272925,"Charlon Kloof",1990-03-20,185,'M',"HOLANDA",334);
INSERT INTO Jogador VALUES (199884,"Francisco Amarante",2000-03-24,195,'M',"PORTUGAL",261);
INSERT INTO Jogador VALUES (157785,"João Maia",1990-03-27,200,'M',"PORTUGAL",193);
INSERT INTO Jogador VALUES (156274,"João Torrie",1991-03-20,200,'M',"PORTUGAL",11);
INSERT INTO Jogador VALUES (272928,"Jonathan Arledge",1991-09-21,200,'M',"ESTADOS UNIDOS DA AMÉRICA",292);
INSERT INTO Jogador VALUES (215426,"Luis Silva",2004-04-29,193,'M',"CROÁCIA",77);
INSERT INTO Jogador VALUES (279454,"Markus Loncar",1996-04-08,213,'M',"PORTUGAL",77);
INSERT INTO Jogador VALUES (262449,"Max Landis",1993-02-02,188,'M',"ESTADOS UNIDOS DA AMÉRICA",188);
INSERT INTO Jogador VALUES (280929,"Michael Morrison",1989-10-31,207,'M',"ESTADOS UNIDOS DA AMÉRICA",131);
INSERT INTO Jogador VALUES (177160,"Miguel Correia",2000-09-29,188,'M',"PORTUGAL",40);
INSERT INTO Jogador VALUES (154371,"Miguel Queiroz",1991-07-04,204,'M',"PORTUGAL",275);
INSERT INTO Jogador VALUES (272929,"Rashard Odomes",1996-12-21,198,'M',"ESTADOS UNIDOS DA AMÉRICA",351);
INSERT INTO Jogador VALUES (200034,"Tiago Almeida",2003-06-12,190,'M',"PORTUGAL",27);
INSERT INTO Jogador VALUES (187286,"Vladyslav Voytso",1999-07-30,200,'M',"PORTUGAL",208);
INSERT INTO Jogador VALUES (272994,"Derrick Colter",1994-03-22,180,'M',"ESTADOS UNIDOS DA AMÉRICA",310);
INSERT INTO Jogador VALUES (262463,"Feliciano Neto",1990-05-23,210,'M',"BRASIL",52);
INSERT INTO Jogador VALUES (152194,"Francisco Albergaria",1997-02-10,184,'M',"PORTUGAL",29);
INSERT INTO Jogador VALUES (124572,"João Guerreiro",1990-10-10,206,'M',"PORTUGAL",195);
INSERT INTO Jogador VALUES (167835,"João Grosso",1994-02-11,196,'M',"PORTUGAL",135);
INSERT INTO Jogador VALUES (130786,"João Balseiro",1987-03-14,192,'M',"PORTUGAL",180);
INSERT INTO Jogador VALUES (111676,"Pedro Catarino",1990-10-20,186,'M',"PORTUGAL",85);
INSERT INTO Jogador VALUES (235831,"Raven Barber",1991-10-02,203,'M',"ESTADOS UNIDOS DA AMÉRICA",124);
INSERT INTO Jogador VALUES (140327,"Renato Azevedo",1991-08-01,187,'M',"PORTUGAL",26);
INSERT INTO Jogador VALUES (209673,"Ricardo Monteiro",1997-02-13,208,'M',"PORTUGAL",239);
INSERT INTO Jogador VALUES (125990,"Rui França",1989-06-26,185,'M',"PORTUGAL",1);
INSERT INTO Jogador VALUES (276286,"Shaun Willett",1996-11-15,193,'M',"ESTADOS UNIDOS DA AMÉRICA",447);
INSERT INTO Jogador VALUES (272993,"Zane Waterman",1995-10-12,203,'M',"ESTADOS UNIDOS DA AMÉRICA",421);
INSERT INTO Jogador VALUES (273376,"Andrew Robinson",1996-06-05,196,'M',"ESTADOS UNIDOS DA AMÉRICA",116);
INSERT INTO Jogador VALUES (268721,"Anthony Smith",1997-03-16,202,'M',"ESTADOS UNIDOS DA AMÉRICA",417);
INSERT INTO Jogador VALUES (273160,"Dontae Bruner",1997-12-31,206,'M',"ESTADOS UNIDOS DA AMÉRICA",243);
INSERT INTO Jogador VALUES (171229,"Emanuel Sá",1993-11-29,200,'M',"PORTUGAL",2);
INSERT INTO Jogador VALUES (143610,"Fábio Lima",1988-08-18,198,'M',"PORTUGAL",259);
INSERT INTO Jogador VALUES (246181,"Filip Gewert",2002-11-12,202,'M',"SUÉCIA",164);
INSERT INTO Jogador VALUES (213694,"Jason Catarino",2003-02-23,194,'M',"PORTUGAL",2);
INSERT INTO Jogador VALUES (193259,"João Neves",1999-12-16,202,'M',"PORTUGAL",19);
INSERT INTO Jogador VALUES (220987,"João Rodrigues",2004-01-22,198,'M',"PORTUGAL",0);
INSERT INTO Jogador VALUES (269979,"Jonathan Silva",2003-11-17,198,'M',"BRASIL",18);
INSERT INTO Jogador VALUES (232792,"Keven Gomes",1995-10-29,211,'M',"PORTUGAL",126);
INSERT INTO Jogador VALUES (151165,"Nuno Morais",1990-02-06,183,'M',"PORTUGAL",150);
INSERT INTO Jogador VALUES (279560,"Roddy PetersJr",1995-07-14,191,'M',"ESTADOS UNIDOS DA AMÉRICA",244);
INSERT INTO Jogador VALUES (102320,"Rui Quintino",1983-10-20,196,'M',"PORTUGAL",8);
INSERT INTO Jogador VALUES (208548,"Salvador Victo",2005-03-08,192,'M',"PORTUGAL",5);
INSERT INTO Jogador VALUES (150441,"Sérgio Silva",1996-03-05,193,'M',"PORTUGAL",233);
INSERT INTO Jogador VALUES (255992,"Thomas Thaey",1991-03-15,203,'M',"BÉLGICA",21);
INSERT INTO Jogador VALUES (256177,"Tymetrius Toney",1994-11-27,193,'M',"ESTADOS UNIDOS DA AMÉRICA",275);
INSERT INTO Jogador VALUES (196210,"Bernardo Ferreira",2003-06-05,180,'M',"PORTUGAL",28);
INSERT INTO Jogador VALUES (136537,"Claúdio Fonseca",1989-01-22,208,'M',"PORTUGAL",255);
INSERT INTO Jogador VALUES (176602,"Diogo Peixe",2000-01-17,191,'M',"PORTUGAL",132);
INSERT INTO Jogador VALUES (198294,"Francisco Jardim",2003-05-13,177,'M',"PORTUGAL",0);
INSERT INTO Jogador VALUES (273176,"Fredrick Thomas",1993-06-13,196,'M',"ESTADOS UNIDOS DA AMÉRICA",532);
INSERT INTO Jogador VALUES (273175,"Jalan Mccloud",1995-06-13,178,'M',"ESTADOS UNIDOS DA AMÉRICA",426);
INSERT INTO Jogador VALUES (279673,"James Southerland",1990-04-28,203,'M',"ESTADOS UNIDOS DA AMÉRICA",201);
INSERT INTO Jogador VALUES (273084,"Jonas Zakas",1997-10-14,190,'M',"LITUÂNIA",204);
INSERT INTO Jogador VALUES (214779,"Jorge Embaló",1999-07-20,195,'M',"GUINÉ-BISSAU",21);
INSERT INTO Jogador VALUES (205242,"José Jesus",2004-04-21,200,'M',"PORTUGAL",4);
INSERT INTO Jogador VALUES (273085,"Kai Watkins",1997-02-15,201,'M',"ESTADOS UNIDOS DA AMÉRICA",331);
INSERT INTO Jogador VALUES (208207,"Nuno Sá",1997-03-25,200,'M',"PORTUGAL",283);
INSERT INTO Jogador VALUES (184353,"Tomás Dias",2001-10-24,195,'M',"PORTUGAL",4);
INSERT INTO Jogador VALUES (273260,"Alexander Thompson",1995-04-25,203,'M',"ESTADOS UNIDOS DA AMÉRICA",437);
INSERT INTO Jogador VALUES (278310,"Amenhotep Abif",1992-11-18,201,'M',"ESTADOS UNIDOS DA AMÉRICA",271);
INSERT INTO Jogador VALUES (273331,"Devon Goodman",1997-09-12,183,'M',"ESTADOS UNIDOS DA AMÉRICA",437);
INSERT INTO Jogador VALUES (191364,"Fernando Ferreira",1994-11-10,200,'M',"PORTUGAL",93);
INSERT INTO Jogador VALUES (134318,"Francisco Amiel",1996-01-20,189,'M',"PORTUGAL",154);
INSERT INTO Jogador VALUES (210794,"Francisco Cardoso",2004-11-27,183,'M',"PORTUGAL",9);
INSERT INTO Jogador VALUES (273261,"Jacob Gibson",1993-09-28,196,'M',"ESTADOS UNIDOS DA AMÉRICA",279);
INSERT INTO Jogador VALUES (137573,"Jaques Conceição",1989-09-04,184,'M',"PORTUGAL",111);
INSERT INTO Jogador VALUES (274542,"Jason Carter",1992-02-21,205,'M',"ESTADOS UNIDOS DA AMÉRICA",32);
INSERT INTO Jogador VALUES (168201,"João Ribeiro",1993-07-30,202,'M',"PORTUGAL",120);
INSERT INTO Jogador VALUES (166980,"João Teixeira",1995-09-23,186,'M',"PORTUGAL",1);
INSERT INTO Jogador VALUES (114816,"Joaquim Pires",1987-03-14,191,'M',"PORTUGAL",11);
INSERT INTO Jogador VALUES (273329,"Julien Ducree",1997-03-31,202,'M',"ESTADOS UNIDOS DA AMÉRICA",363);
INSERT INTO Jogador VALUES (131516,"Miguel Freitas",1990-09-28,178,'M',"PORTUGAL",0);
INSERT INTO Jogador VALUES (268477,"Sérgio Alves",2005-02-26,191,'M',"CABO VERDE",44);
INSERT INTO Jogador VALUES (278619,"Delaney Blaylock",1997-01-17,196,'M',"ESTADOS UNIDOS DA AMÉRICA",369);
INSERT INTO Jogador VALUES (273177,"Diego Kapelan",1987-07-08,190,'M',"CANADÁ",536);
INSERT INTO Jogador VALUES (193380,"Diogo Gomes",2001-04-09,173,'M',"PORTUGAL",172);
INSERT INTO Jogador VALUES (219390,"Eduardo Santos",2003-12-11,202,'M',"PORTUGAL",0);
INSERT INTO Jogador VALUES (218937,"Guilherme Nunes",2003-04-05,197,'M',"PORTUGAL",197);
INSERT INTO Jogador VALUES (207171,"João Santos",2000-03-09,185,'M',"PORTUGAL",0);
INSERT INTO Jogador VALUES (246300,"João Embaló",2001-08-09,201,'M',"CABO VERDE",105);
INSERT INTO Jogador VALUES (201110,"Jorge Rodrigues",2003-05-07,186,'M',"PORTUGAL",0);
INSERT INTO Jogador VALUES (200049,"Miguel Rodrigues",2001-02-05,174,'M',"PORTUGAL",15);
INSERT INTO Jogador VALUES (273180,"Nakye Sanders",1997-11-01,203,'M',"ESTADOS UNIDOS DA AMÉRICA",372);
INSERT INTO Jogador VALUES (137354,"Nuno Oliveira",1989-08-20,183,'M',"PORTUGAL",10);
INSERT INTO Jogador VALUES (192469,"Paulo Sereno",1996-03-24,199,'M',"PORTUGAL",34);
INSERT INTO Jogador VALUES (200019,"Rafael Costa",2001-09-28,179,'M',"PORTUGAL",35);
INSERT INTO Jogador VALUES (145055,"Rui Coelho",1989-11-09,191,'M',"PORTUGAL",117);
INSERT INTO Jogador VALUES (077301,"Sérgio Duarte",1979-03-22,182,'M',"PORTUGAL",0);
INSERT INTO Jogador VALUES (211453,"Thomas Sampaio",2003-02-12,176,'M',"PORTUGAL",18);
INSERT INTO Jogador VALUES (273181,"Zarko Jukic",1993-07-28,202,'M',"DINAMARCA",116);
INSERT INTO Jogador VALUES (274323,"Brandon Anderson",1998-06-12,184,'M',"ESTADOS UNIDOS DA AMÉRICA",358);
INSERT INTO Jogador VALUES (155382,"Cristovão Cordeiro",1989-08-24,203,'M',"PORTUGAL",137);
INSERT INTO Jogador VALUES (192728,"Gustavo Teixeira",2000-07-26,189,'M',"PORTUGAL",122);
INSERT INTO Jogador VALUES (168487,"João Oliveira",1999-08-06,190,'M',"PORTUGAL",3);
INSERT INTO Jogador VALUES (276646,"John Florveus",1990-10-10,211,'M',"ESTADOS UNIDOS DA AMÉRICA",99);
INSERT INTO Jogador VALUES (273168,"Kameron Chatman",1996-06-01,201,'M',"ESTADOS UNIDOS DA AMÉRICA",437);
INSERT INTO Jogador VALUES (273171,"Kameron Hankerson",1998-08-02,196,'M',"ESTADOS UNIDOS DA AMÉRICA",301);
INSERT INTO Jogador VALUES (224047,"Nikola Tadic",1988-11-04,206,'M',"SÉRVIA",185);
INSERT INTO Jogador VALUES (155174,"Pedro Bastos",1994-10-24,188,'M',"PORTUGAL",151);
INSERT INTO Jogador VALUES (169338,"Pedro Oliveira",1997-02-26,180,'M',"PORTUGAL",2);
INSERT INTO Jogador VALUES (173200,"Pedro Pinto",1997-12-01,192,'M',"PORTUGAL",18);
INSERT INTO Jogador VALUES (184458,"Rodrigo Soeiro",1996-12-20,190,'M',"PORTUGAL",51);
INSERT INTO Jogador VALUES (205486,"Rúben Sona",2004-05-21,184,'M',"PORTUGAL",24);
INSERT INTO Jogador VALUES (268823,"Tyere Marshall",1997-06-26,205,'M',"ESTADOS UNIDOS DA AMÉRICA",163);
INSERT INTO Jogador VALUES (109007,"André Bessa",1989-01-13,182,'M',"PORTUGAL",0);
INSERT INTO Jogador VALUES (236666,"António Arantes",2003-04-17,183,'M',"PORTUGAL",4);
INSERT INTO Jogador VALUES (273910,"Brandon Austin",1995-12-07,200,'M',"ESTADOS UNIDOS DA AMÉRICA",346);
INSERT INTO Jogador VALUES (177284,"Carlos Cardoso",1997-10-20,184,'M',"PORTUGAL",373);
INSERT INTO Jogador VALUES (272927,"Danjel Purifoy",1995-10-11,201,'M',"ESTADOS UNIDOS DA AMÉRICA",266);
INSERT INTO Jogador VALUES (274375,"Dennis Woolfolk",1999-03-20,171,'M',"PORTUGAL",0);
INSERT INTO Jogador VALUES (249300,"Eric Coleman",1985-08-08,201,'M',"ESTADOS UNIDOS DA AMÉRICA",262);
INSERT INTO Jogador VALUES (168802,"Hugo Sotta",1993-07-15,205,'M',"PORTUGAL",56);
INSERT INTO Jogador VALUES (239368,"Jeremias Manjate",1998-11-10,205,'M',"MOÇAMBIQUE",133);
INSERT INTO Jogador VALUES (175533,"João Gallina",1994-02-21,193,'M',"PORTUGAL",24);
INSERT INTO Jogador VALUES (218208,"João Nunes",1999-09-21,191,'M',"PORTUGAL",0);
INSERT INTO Jogador VALUES (262520,"Malcolm Drumwright",1995-06-27,192,'M',"ESTADOS UNIDOS DA AMÉRICA",401);
INSERT INTO Jogador VALUES (214063,"Manuel Magalhães",2002-08-31,187,'M',"PORTUGAL",22);
INSERT INTO Jogador VALUES (273651,"Matthew Mccarthy",1996-07-30,203,'M',"AUSTRÁLIA",232);
INSERT INTO Jogador VALUES (237485,"Rui Fernandes",2002-06-07,195,'M',"PORTUGAL",2);
INSERT INTO Jogador VALUES (230675,"Simão Ribeiro",2003-06-11,188,'M',"PORTUGAL",2);
INSERT INTO Jogador VALUES (105379,"Augusto Sobrinho",1985-03-31,188,'M',"PORTUGAL",71);
INSERT INTO Jogador VALUES (268875,"Jaylen Key",1997-05-09,203,'M',"ESTADOS UNIDOS DA AMÉRICA",371);
INSERT INTO Jogador VALUES (262547,"Lamar Morgan",1997-04-30,198,'M',"ESTADOS UNIDOS DA AMÉRICA",422);
INSERT INTO Jogador VALUES (226394,"Lamine Banora",2000-10-22,200,'M',"PORTUGAL",106);
INSERT INTO Jogador VALUES (162968,"Manuel Sicó",1988-12-09,207,'M',"PORTUGAL",16);
INSERT INTO Jogador VALUES (247388,"Miguel Baker",2004-08-24,198,'M',"PORTUGAL",11);
INSERT INTO Jogador VALUES (262514,"Montell Goodwin",1995-09-04,188,'M',"ESTADOS UNIDOS DA AMÉRICA",416);
INSERT INTO Jogador VALUES (085854,"Pedro Pinto",1988-03-05,188,'M',"PORTUGAL",296);
INSERT INTO Jogador VALUES (201195,"Salvador Caldeira",2003-03-18,190,'M',"PORTUGAL",228);
INSERT INTO Jogador VALUES (273335,"Tahjai Teague",1997-06-25,203,'M',"ESTADOS UNIDOS DA AMÉRICA",366);
INSERT INTO Jogador VALUES (191451,"Tiago Nazário",1999-03-06,183,'M',"PORTUGAL",6);
INSERT INTO Jogador VALUES (273584,"William DunstonJr",1994-03-26,198,'M',"ESTADOS UNIDOS DA AMÉRICA",291);
INSERT INTO Jogador VALUES (188949,"Afonso Marques",2002-05-18,170,'M',"PORTUGAL",44);
INSERT INTO Jogador VALUES (279035,"Andrew KosteckaIII",1997-08-19,193,'M',"ESTADOS UNIDOS DA AMÉRICA",116);
INSERT INTO Jogador VALUES (170431,"Bruno Martins",1998-09-18,193,'M',"PORTUGAL",2);
INSERT INTO Jogador VALUES (280270,"Devine Eke",1996-07-29,203,'M',"NIGÉRIA",145);
INSERT INTO Jogador VALUES (157282,"Eduardo Guimarães",1992-09-24,186,'M',"PORTUGAL",82);
INSERT INTO Jogador VALUES (210905,"Fábio Dias",2001-12-01,189,'M',"PORTUGAL",4);
INSERT INTO Jogador VALUES (244862,"Filip Simic",1990-05-11,185,'M',"SÉRVIA",295);
INSERT INTO Jogador VALUES (211165,"Gabriel Figueiredo",2002-04-06,187,'M',"PORTUGAL",2);
INSERT INTO Jogador VALUES (228390,"Gustavo Guerra",2003-08-11,188,'M',"PORTUGAL",5);
INSERT INTO Jogador VALUES (082106,"Helder Carvalho",1984-05-27,205,'M',"PORTUGAL",28);
INSERT INTO Jogador VALUES (230595,"José Machado",2003-12-11,181,'M',"PORTUGAL",0);
INSERT INTO Jogador VALUES (269083,"Joshua Mcnair",1996-08-07,200,'M',"ESTADOS UNIDOS DA AMÉRICA",82);
INSERT INTO Jogador VALUES (262532,"Kendall Jacks",1996-06-04,196,'M',"ESTADOS UNIDOS DA AMÉRICA",96);
INSERT INTO Jogador VALUES (203149,"Krassimir Pereira",1995-02-02,198,'M',"PORTUGAL",105);
INSERT INTO Jogador VALUES (229047,"Manuel Rosas",2002-04-04,193,'M',"PORTUGAL",24);
INSERT INTO Jogador VALUES (273428,"Nikola Vujovic",1993-01-21,210,'M',"SÉRVIA",327);
INSERT INTO Jogador VALUES (167755,"Nuno Brito",1996-02-22,183,'M',"PORTUGAL",124);
INSERT INTO Jogador VALUES (188613,"Pedro Margalho",2002-03-08,185,'M',"PORTUGAL",32);
INSERT INTO Jogador VALUES (163662,"Stefan Djukic",1989-07-18,201,'M',"PORTUGAL",175);

-- CAMPEONATO

INSERT INTO Campeonato VALUES (2021, 380);
INSERT INTO Campeonato VALUES (2022, 380);
INSERT INTO Campeonato VALUES (2023, 380);

-- ESTATISTICAS CLUBE

INSERT INTO EstatisticasClube VALUES (1,"Benfica",2021,1,22,41,19,3,1953,1484);
INSERT INTO EstatisticasClube VALUES (2,"Sporting",2021,2,22,41,19,3,1917,1547);
INSERT INTO EstatisticasClube VALUES (3,"FC Porto",2021,3,22,39,19,3,1605,1367);
INSERT INTO EstatisticasClube VALUES (4,"UD Oliveirense",2021,4,22,35,13,9,1701,1620);
INSERT INTO EstatisticasClube VALUES (5,"Imortal",2021,5,22,33,11,11,1717,1731);
INSERT INTO EstatisticasClube VALUES (6,"CAB Madeira",2021,6,22,33,11,11,1697,1763);
INSERT INTO EstatisticasClube VALUES (7,"Lusitânia",2021,7,22,32,10,12,1684,1790);
INSERT INTO EstatisticasClube VALUES (8,"CD Póvoa",2021,8,22,31,9,13,1535,1675);
INSERT INTO EstatisticasClube VALUES (9,"Ovarense",2021,9,22,30,8,14,1644,1749);
INSERT INTO EstatisticasClube VALUES (10,"Vitória SC",2021,10,22,28,6,16,1662,1887);
INSERT INTO EstatisticasClube VALUES (11,"Illiabum",2021,11,22,27,5,17,1666,1791);
INSERT INTO EstatisticasClube VALUES (12,"Académica",2021,12,22,24,2,20,1614,1991);
INSERT INTO EstatisticasClube VALUES (13,"Benfica",2022,1,0,0,0,0,0,0);
INSERT INTO EstatisticasClube VALUES (14,"Sporting",2022,2,0,0,0,0,0,0);
INSERT INTO EstatisticasClube VALUES (15,"FC Porto",2022,3,0,0,0,0,0,0);
INSERT INTO EstatisticasClube VALUES (16,"UD Oliveirense",2022,4,0,0,0,0,0,0);
INSERT INTO EstatisticasClube VALUES (17,"Imortal",2022,5,0,0,0,0,0,0);
INSERT INTO EstatisticasClube VALUES (18,"CAB Madeira",2022,6,0,0,0,0,0,0);
INSERT INTO EstatisticasClube VALUES (19,"Lusitânia",2022,7,0,0,0,0,0,0);
INSERT INTO EstatisticasClube VALUES (20,"CD Póvoa",2022,8,0,0,0,0,0,0);
INSERT INTO EstatisticasClube VALUES (21,"Ovarense",2022,9,0,0,0,0,0,0);
INSERT INTO EstatisticasClube VALUES (22,"Vitória SC",2022,10,0,0,0,0,0,0);
INSERT INTO EstatisticasClube VALUES (23,"Illiabum",2022,11,0,0,0,0,0,0);
INSERT INTO EstatisticasClube VALUES (24,"Académica",2022,12,0,0,0,0,0,0);

-- PAVILHAO

INSERT INTO Pavilhao VALUES (1, "Pavilhão Fidelidade","Benfica","Av. Eusébio da Silva Ferreira, 1500-313 Lisboa",2400);
INSERT INTO Pavilhao VALUES (2, "Pavilhão João Rocha","Sporting","R. Francisco Stromp, 1600-464 Lisboa",3000);
INSERT INTO Pavilhao VALUES (3, "Dragão Arena","FC Porto","Via Futebol Clube do Porto, 4350-415 Porto",2000);
INSERT INTO Pavilhao VALUES (4, "Pavilhão Doutor Salvador Machado","UD Oliveirense","Praceta da União Desportiva Oliveirense Aptd. 1153, Oliveira de Azeméis",2300);
INSERT INTO Pavilhao VALUES (5, "Pavilhão Municipal de Albufeira","Imortal","Av. das Ilhas B, 8200-047 Albufeira",1000);
INSERT INTO Pavilhao VALUES (6, "Pavilhão Clube Amigos do Basquete","CAB Madeira","Rua Curaçao, Bairro Nazare Pav.C.A.B, Funchal",680);
INSERT INTO Pavilhao VALUES (7, "Pavilhão Municipal de Angra do Heroísmo","Lusitânia","Rua Tomé Belo de Castro, Angra do Heroísmo",1326);
INSERT INTO Pavilhao VALUES (8, "Pavilhão Fernando Linhares de Castro","CD Póvoa","Av. Vasco da Gama 150, 4490-410 Porto",600);
INSERT INTO Pavilhao VALUES (9, "Arena Dolce Vita","Ovarense","Av. Dom Manuel I 2030, 3880-109 Ovar",2400);
INSERT INTO Pavilhao VALUES (10, "Pavilhão Desportivo Unidade Vimaranense","Vitória SC","Alameda Conselho da Europa, Guimarães",2500);
INSERT INTO Pavilhao VALUES (11, "Pavilhão Municipal Capitão Adriano Nordeste","Illiabum","R. da Escola, 3830-475 Gafanha da Encarnação",700);
INSERT INTO Pavilhao VALUES (12, "Pavilhão Multidesportos Dr. Mário Mexia","Académica","R. Gen. Humberto Delgado, 3030-320 Coimbra",2239);

-- GRUPO

INSERT INTO Grupo VALUES ('A', "Benfica");
INSERT INTO Grupo VALUES ('A', "FC Porto");
INSERT INTO Grupo VALUES ('A', "Sporting");
INSERT INTO Grupo VALUES ('A', "UD Oliveirense");
INSERT INTO Grupo VALUES ('B', "CAB Madeira");
INSERT INTO Grupo VALUES ('B', "Lusitânia");
INSERT INTO Grupo VALUES ('B', "Imortal");
INSERT INTO Grupo VALUES ('B', "CD Póvoa");
INSERT INTO Grupo VALUES ('C', "Ovarense");
INSERT INTO Grupo VALUES ('C', "Vitória SC");
INSERT INTO Grupo VALUES ('C', "Illiabum");
INSERT INTO Grupo VALUES ('C', "Académica");

-- CONTRATO 

INSERT INTO Contrato VALUES (272930,"Benfica",'2019-11-30','2028-05-08',1478);
INSERT INTO Contrato VALUES (130949,"Benfica",'2020-09-06','2027-06-02',1827);
INSERT INTO Contrato VALUES (272931,"Benfica",'2019-08-23','2028-03-12',2391);
INSERT INTO Contrato VALUES (150447,"Benfica",'2018-10-14','2025-05-31',3716);
INSERT INTO Contrato VALUES (266618,"Benfica",'2020-12-16','2028-07-07',1869);
INSERT INTO Contrato VALUES (277848,"Benfica",'2018-08-06','2028-08-29',3811);
INSERT INTO Contrato VALUES (200711,"Benfica",'2020-10-14','2026-09-02',3253);
INSERT INTO Contrato VALUES (193812,"Benfica",'2018-09-28','2028-11-28',2859);
INSERT INTO Contrato VALUES (176575,"Benfica",'2021-02-25','2026-11-06',2190);
INSERT INTO Contrato VALUES (272932,"Benfica",'2020-11-03','2023-05-14',2648);
INSERT INTO Contrato VALUES (150245,"Benfica",'2020-03-05','2026-10-06',1000);
INSERT INTO Contrato VALUES (139461,"Benfica",'2019-09-24','2026-10-29',4954);
INSERT INTO Contrato VALUES (125975,"Benfica",'2018-11-12','2025-09-29',1944);
INSERT INTO Contrato VALUES (273133,"Benfica",'2021-08-25','2025-06-09',2082);
INSERT INTO Contrato VALUES (129794,"Benfica",'2019-10-21','2028-12-23',2704);
INSERT INTO Contrato VALUES (268941,"Benfica",'2020-03-05','2026-06-12',3745);
INSERT INTO Contrato VALUES (280845,"Benfica",'2018-07-25','2027-10-12',1000);
INSERT INTO Contrato VALUES (196448,"Sporting",'2018-07-06','2027-06-06',4767);
INSERT INTO Contrato VALUES (166708,"Sporting",'2021-12-09','2027-05-04',1941);
INSERT INTO Contrato VALUES (139206,"Sporting",'2018-11-12','2027-04-08',1337);
INSERT INTO Contrato VALUES (217588,"Sporting",'2019-10-04','2028-04-30',2209);
INSERT INTO Contrato VALUES (136299,"Sporting",'2020-01-23','2028-03-10',3030);
INSERT INTO Contrato VALUES (170452,"Sporting",'2019-01-08','2025-12-13',2410);
INSERT INTO Contrato VALUES (185166,"Sporting",'2021-06-04','2023-09-26',4041);
INSERT INTO Contrato VALUES (272934,"Sporting",'2020-08-13','2025-09-11',4596);
INSERT INTO Contrato VALUES (279678,"Sporting",'2019-04-05','2023-01-05',4734);
INSERT INTO Contrato VALUES (256011,"Sporting",'2019-07-19','2024-03-07',3127);
INSERT INTO Contrato VALUES (125679,"Sporting",'2021-02-28','2025-01-14',2421);
INSERT INTO Contrato VALUES (269329,"Sporting",'2020-02-02','2028-11-27',3935);
INSERT INTO Contrato VALUES (268935,"Sporting",'2021-06-27','2025-08-14',1000);
INSERT INTO Contrato VALUES (262570,"Sporting",'2018-01-17','2027-06-03',3195);
INSERT INTO Contrato VALUES (249301,"Sporting",'2019-04-28','2026-08-20',4503);
INSERT INTO Contrato VALUES (235796,"FC Porto",'2018-07-28','2023-07-19',4798);
INSERT INTO Contrato VALUES (272925,"FC Porto",'2019-03-02','2028-02-05',3622);
INSERT INTO Contrato VALUES (199884,"FC Porto",'2020-03-25','2027-12-22',2958);
INSERT INTO Contrato VALUES (157785,"FC Porto",'2021-05-11','2026-05-21',2634);
INSERT INTO Contrato VALUES (156274,"FC Porto",'2018-01-13','2026-03-20',3875);
INSERT INTO Contrato VALUES (272928,"FC Porto",'2019-07-22','2024-01-27',1998);
INSERT INTO Contrato VALUES (215426,"FC Porto",'2020-02-02','2026-12-19',2892);
INSERT INTO Contrato VALUES (279454,"FC Porto",'2019-09-21','2028-09-04',1869);
INSERT INTO Contrato VALUES (262449,"FC Porto",'2019-10-04','2023-10-25',1000);
INSERT INTO Contrato VALUES (280929,"FC Porto",'2019-02-11','2025-05-05',3757);
INSERT INTO Contrato VALUES (177160,"FC Porto",'2018-06-12','2025-07-16',4976);
INSERT INTO Contrato VALUES (154371,"FC Porto",'2019-01-16','2027-06-15',1549);
INSERT INTO Contrato VALUES (272929,"FC Porto",'2019-02-19','2025-01-03',1139);
INSERT INTO Contrato VALUES (200034,"FC Porto",'2021-05-06','2024-08-13',2437);
INSERT INTO Contrato VALUES (187286,"FC Porto",'2020-02-22','2024-12-19',3286);
INSERT INTO Contrato VALUES (272994,"UD Oliveirense",'2019-11-25','2025-12-11',1701);
INSERT INTO Contrato VALUES (262463,"UD Oliveirense",'2018-03-05','2024-12-21',1185);
INSERT INTO Contrato VALUES (152194,"UD Oliveirense",'2019-09-06','2023-09-24',2756);
INSERT INTO Contrato VALUES (124572,"UD Oliveirense",'2019-07-17','2027-11-05',3196);
INSERT INTO Contrato VALUES (167835,"UD Oliveirense",'2020-02-11','2024-04-14',1000);
INSERT INTO Contrato VALUES (130786,"UD Oliveirense",'2018-01-18','2028-04-15',1154);
INSERT INTO Contrato VALUES (111676,"UD Oliveirense",'2020-10-06','2028-11-05',3022);
INSERT INTO Contrato VALUES (235831,"UD Oliveirense",'2018-08-10','2025-06-12',1000);
INSERT INTO Contrato VALUES (140327,"UD Oliveirense",'2019-11-25','2028-03-09',1000);
INSERT INTO Contrato VALUES (209673,"UD Oliveirense",'2018-02-12','2028-03-26',2518);
INSERT INTO Contrato VALUES (125990,"UD Oliveirense",'2019-03-03','2024-12-19',3985);
INSERT INTO Contrato VALUES (276286,"UD Oliveirense",'2020-06-03','2025-08-08',1000);
INSERT INTO Contrato VALUES (272993,"UD Oliveirense",'2019-05-27','2024-08-11',4181);
INSERT INTO Contrato VALUES (273376,"Imortal",'2021-10-03','2023-06-12',3492);
INSERT INTO Contrato VALUES (268721,"Imortal",'2020-03-27','2025-09-18',3360);
INSERT INTO Contrato VALUES (273160,"Imortal",'2019-03-19','2025-11-24',4711);
INSERT INTO Contrato VALUES (171229,"Imortal",'2018-12-27','2025-02-01',3694);
INSERT INTO Contrato VALUES (143610,"Imortal",'2021-12-10','2023-02-23',2658);
INSERT INTO Contrato VALUES (246181,"Imortal",'2020-03-26','2024-11-02',1000);
INSERT INTO Contrato VALUES (213694,"Imortal",'2020-12-11','2023-05-15',1060);
INSERT INTO Contrato VALUES (193259,"Imortal",'2020-06-06','2027-11-07',1000);
INSERT INTO Contrato VALUES (220987,"Imortal",'2021-01-09','2023-10-06',4565);
INSERT INTO Contrato VALUES (269979,"Imortal",'2021-03-22','2026-10-19',1928);
INSERT INTO Contrato VALUES (232792,"Imortal",'2021-03-31','2025-11-27',3737);
INSERT INTO Contrato VALUES (151165,"Imortal",'2019-06-11','2024-05-03',3116);
INSERT INTO Contrato VALUES (279560,"Imortal",'2020-08-26','2027-04-18',1153);
INSERT INTO Contrato VALUES (102320,"Imortal",'2018-09-14','2023-09-21',1000);
INSERT INTO Contrato VALUES (208548,"Imortal",'2020-01-18','2028-02-23',3365);
INSERT INTO Contrato VALUES (150441,"Imortal",'2021-01-23','2028-07-10',2760);
INSERT INTO Contrato VALUES (255992,"Imortal",'2019-10-03','2025-09-08',4801);
INSERT INTO Contrato VALUES (256177,"Imortal",'2020-01-12','2023-10-31',1540);
INSERT INTO Contrato VALUES (196210,"CAB Madeira",'2021-08-28','2023-05-25',3823);
INSERT INTO Contrato VALUES (136537,"CAB Madeira",'2019-09-28','2023-07-02',3357);
INSERT INTO Contrato VALUES (176602,"CAB Madeira",'2019-02-17','2026-10-03',4617);
INSERT INTO Contrato VALUES (198294,"CAB Madeira",'2018-01-17','2026-06-04',4129);
INSERT INTO Contrato VALUES (273176,"CAB Madeira",'2019-08-08','2028-05-03',2053);
INSERT INTO Contrato VALUES (273175,"CAB Madeira",'2020-11-23','2025-07-06',4369);
INSERT INTO Contrato VALUES (279673,"CAB Madeira",'2018-04-12','2028-12-11',1000);
INSERT INTO Contrato VALUES (273084,"CAB Madeira",'2018-03-09','2024-04-25',1511);
INSERT INTO Contrato VALUES (214779,"CAB Madeira",'2019-04-12','2026-06-21',1626);
INSERT INTO Contrato VALUES (205242,"CAB Madeira",'2020-08-08','2024-07-22',2701);
INSERT INTO Contrato VALUES (273085,"CAB Madeira",'2019-06-07','2025-03-10',1000);
INSERT INTO Contrato VALUES (208207,"CAB Madeira",'2019-01-22','2025-06-14',1641);
INSERT INTO Contrato VALUES (184353,"CAB Madeira",'2021-03-22','2026-03-02',1000);
INSERT INTO Contrato VALUES (273260,"Lusitânia",'2020-12-26','2023-01-28',4313);
INSERT INTO Contrato VALUES (278310,"Lusitânia",'2021-03-26','2025-11-23',3112);
INSERT INTO Contrato VALUES (273331,"Lusitânia",'2021-12-15','2028-01-11',4090);
INSERT INTO Contrato VALUES (191364,"Lusitânia",'2019-11-04','2026-02-23',3651);
INSERT INTO Contrato VALUES (134318,"Lusitânia",'2018-03-18','2023-12-02',2605);
INSERT INTO Contrato VALUES (210794,"Lusitânia",'2018-04-16','2024-02-01',4292);
INSERT INTO Contrato VALUES (273261,"Lusitânia",'2019-01-08','2028-02-28',4541);
INSERT INTO Contrato VALUES (137573,"Lusitânia",'2019-10-18','2027-03-02',1000);
INSERT INTO Contrato VALUES (274542,"Lusitânia",'2021-05-22','2028-01-19',1000);
INSERT INTO Contrato VALUES (168201,"Lusitânia",'2020-08-01','2027-05-01',1000);
INSERT INTO Contrato VALUES (166980,"Lusitânia",'2020-04-24','2028-01-18',2663);
INSERT INTO Contrato VALUES (114816,"Lusitânia",'2020-11-10','2028-08-13',2164);
INSERT INTO Contrato VALUES (273329,"Lusitânia",'2020-10-09','2028-08-13',4232);
INSERT INTO Contrato VALUES (131516,"Lusitânia",'2020-08-25','2028-04-23',1098);
INSERT INTO Contrato VALUES (268477,"Lusitânia",'2021-05-09','2023-08-05',1075);
INSERT INTO Contrato VALUES (278619,"CD Póvoa",'2019-03-03','2025-07-11',3519);
INSERT INTO Contrato VALUES (273177,"CD Póvoa",'2019-09-01','2028-10-27',1000);
INSERT INTO Contrato VALUES (193380,"CD Póvoa",'2020-02-21','2023-04-23',2152);
INSERT INTO Contrato VALUES (219390,"CD Póvoa",'2021-04-04','2027-10-09',3527);
INSERT INTO Contrato VALUES (218937,"CD Póvoa",'2018-12-29','2028-10-30',1000);
INSERT INTO Contrato VALUES (207171,"CD Póvoa",'2018-02-04','2026-06-10',4681);
INSERT INTO Contrato VALUES (246300,"CD Póvoa",'2018-09-12','2025-09-19',4954);
INSERT INTO Contrato VALUES (201110,"CD Póvoa",'2018-07-10','2027-06-11',1000);
INSERT INTO Contrato VALUES (200049,"CD Póvoa",'2018-01-25','2024-12-18',1000);
INSERT INTO Contrato VALUES (273180,"CD Póvoa",'2020-10-01','2024-05-22',3359);
INSERT INTO Contrato VALUES (137354,"CD Póvoa",'2019-01-07','2027-04-27',1000);
INSERT INTO Contrato VALUES (192469,"CD Póvoa",'2019-06-17','2026-02-21',4515);
INSERT INTO Contrato VALUES (200019,"CD Póvoa",'2018-12-23','2025-10-11',1948);
INSERT INTO Contrato VALUES (145055,"CD Póvoa",'2018-03-02','2025-02-09',1705);
INSERT INTO Contrato VALUES (077301,"CD Póvoa",'2020-08-12','2027-10-10',4736);
INSERT INTO Contrato VALUES (211453,"CD Póvoa",'2019-07-19','2027-01-05',1000);
INSERT INTO Contrato VALUES (273181,"CD Póvoa",'2020-04-21','2028-04-22',4625);
INSERT INTO Contrato VALUES (274323,"Ovarense",'2021-11-01','2026-11-23',1634);
INSERT INTO Contrato VALUES (155382,"Ovarense",'2019-09-29','2026-01-09',2233);
INSERT INTO Contrato VALUES (192728,"Ovarense",'2020-03-28','2024-12-25',1124);
INSERT INTO Contrato VALUES (168487,"Ovarense",'2019-02-25','2024-05-01',1318);
INSERT INTO Contrato VALUES (276646,"Ovarense",'2020-12-13','2025-06-24',3676);
INSERT INTO Contrato VALUES (273168,"Ovarense",'2021-11-20','2028-10-25',1282);
INSERT INTO Contrato VALUES (273171,"Ovarense",'2019-01-11','2025-03-19',4369);
INSERT INTO Contrato VALUES (224047,"Ovarense",'2020-01-09','2026-12-27',1945);
INSERT INTO Contrato VALUES (155174,"Ovarense",'2019-09-24','2025-10-03',1000);
INSERT INTO Contrato VALUES (169338,"Ovarense",'2020-06-22','2027-03-04',2508);
INSERT INTO Contrato VALUES (173200,"Ovarense",'2019-02-14','2028-04-08',3869);
INSERT INTO Contrato VALUES (184458,"Ovarense",'2020-04-28','2023-09-16',4555);
INSERT INTO Contrato VALUES (205486,"Ovarense",'2021-04-09','2023-09-03',1954);
INSERT INTO Contrato VALUES (268823,"Ovarense",'2019-05-11','2027-07-25',1000);
INSERT INTO Contrato VALUES (109007,"Vitória SC",'2019-12-14','2024-11-04',1000);
INSERT INTO Contrato VALUES (236666,"Vitória SC",'2019-05-12','2023-10-27',2941);
INSERT INTO Contrato VALUES (273910,"Vitória SC",'2020-04-15','2024-05-10',2200);
INSERT INTO Contrato VALUES (177284,"Vitória SC",'2021-03-19','2024-04-08',1153);
INSERT INTO Contrato VALUES (272927,"Vitória SC",'2021-06-30','2025-05-07',2598);
INSERT INTO Contrato VALUES (274375,"Vitória SC",'2019-07-11','2024-09-10',1667);
INSERT INTO Contrato VALUES (249300,"Vitória SC",'2018-05-05','2026-10-23',1816);
INSERT INTO Contrato VALUES (168802,"Vitória SC",'2018-11-22','2023-12-01',1340);
INSERT INTO Contrato VALUES (239368,"Vitória SC",'2020-11-05','2026-10-15',1000);
INSERT INTO Contrato VALUES (175533,"Vitória SC",'2020-01-10','2028-02-11',3423);
INSERT INTO Contrato VALUES (218208,"Vitória SC",'2021-05-23','2023-07-09',4307);
INSERT INTO Contrato VALUES (262520,"Vitória SC",'2019-05-28','2027-03-26',4084);
INSERT INTO Contrato VALUES (214063,"Vitória SC",'2018-06-23','2025-09-05',1000);
INSERT INTO Contrato VALUES (273651,"Vitória SC",'2018-04-02','2025-09-25',1439);
INSERT INTO Contrato VALUES (237485,"Vitória SC",'2020-05-30','2025-12-05',2479);
INSERT INTO Contrato VALUES (230675,"Vitória SC",'2020-07-21','2028-07-11',3486);
INSERT INTO Contrato VALUES (105379,"Illiabum",'2018-06-23','2027-03-31',3392);
INSERT INTO Contrato VALUES (268875,"Illiabum",'2019-04-03','2024-11-28',4098);
INSERT INTO Contrato VALUES (262547,"Illiabum",'2020-09-10','2023-07-01',1000);
INSERT INTO Contrato VALUES (226394,"Illiabum",'2020-08-21','2023-04-28',2336);
INSERT INTO Contrato VALUES (162968,"Illiabum",'2019-02-20','2025-05-02',4230);
INSERT INTO Contrato VALUES (247388,"Illiabum",'2019-11-11','2028-02-21',4560);
INSERT INTO Contrato VALUES (262514,"Illiabum",'2021-12-18','2027-12-11',1754);
INSERT INTO Contrato VALUES (085854,"Illiabum",'2020-03-16','2027-07-09',3638);
INSERT INTO Contrato VALUES (201195,"Illiabum",'2021-12-11','2026-02-20',1000);
INSERT INTO Contrato VALUES (273335,"Illiabum",'2020-06-28','2023-09-13',4161);
INSERT INTO Contrato VALUES (191451,"Illiabum",'2018-10-25','2026-07-17',4333);
INSERT INTO Contrato VALUES (273584,"Illiabum",'2019-10-17','2025-05-08',2393);
INSERT INTO Contrato VALUES (188949,"Académica",'2018-01-17','2023-08-09',2505);
INSERT INTO Contrato VALUES (279035,"Académica",'2019-06-15','2025-08-20',1000);
INSERT INTO Contrato VALUES (170431,"Académica",'2018-06-14','2026-09-03',3194);
INSERT INTO Contrato VALUES (280270,"Académica",'2018-05-19','2023-01-09',4174);
INSERT INTO Contrato VALUES (157282,"Académica",'2021-08-16','2024-10-19',1000);
INSERT INTO Contrato VALUES (210905,"Académica",'2019-05-04','2024-11-30',1064);
INSERT INTO Contrato VALUES (244862,"Académica",'2020-07-14','2026-10-11',4573);
INSERT INTO Contrato VALUES (211165,"Académica",'2019-09-29','2026-05-23',1268);
INSERT INTO Contrato VALUES (228390,"Académica",'2020-07-07','2027-07-04',3552);
INSERT INTO Contrato VALUES (082106,"Académica",'2020-04-05','2028-05-01',4902);
INSERT INTO Contrato VALUES (230595,"Académica",'2021-07-07','2025-01-21',1000);
INSERT INTO Contrato VALUES (269083,"Académica",'2019-10-05','2026-04-01',1343);
INSERT INTO Contrato VALUES (262532,"Académica",'2020-05-04','2026-09-19',1000);
INSERT INTO Contrato VALUES (203149,"Académica",'2020-01-18','2026-12-19',1759);
INSERT INTO Contrato VALUES (229047,"Académica",'2020-03-29','2025-12-25',1806);
INSERT INTO Contrato VALUES (273428,"Académica",'2020-04-08','2027-05-13',1000);
INSERT INTO Contrato VALUES (167755,"Académica",'2020-06-03','2026-08-06',2376);
INSERT INTO Contrato VALUES (188613,"Académica",'2021-04-29','2025-07-21',4220);
INSERT INTO Contrato VALUES (163662,"Académica",'2021-01-29','2027-03-16',1486);

-- JOGOS

INSERT INTO Jogo VALUES (1,2021,1,2021-10-02,"Ovarense","Sporting","69-88","1");
INSERT INTO Jogo VALUES (2,2021,1,2021-10-02,"Illiabum","Lusitânia","83-89","1");
INSERT INTO Jogo VALUES (3,2021,1,2021-10-03,"FC Porto","CAB Madeira","71-41","1");
INSERT INTO Jogo VALUES (4,2021,1,2021-10-03,"CD Póvoa","Imortal","67-76","1");
INSERT INTO Jogo VALUES (5,2021,1,2021-10-03,"Académica","UD Oliveirense","81-97","1");
INSERT INTO Jogo VALUES (6,2021,1,2021-10-05,"Benfica","Vitória SC","96-57","1");
INSERT INTO Jogo VALUES (7,2021,2,2021-10-09,"Sporting","FC Porto","72-78","1");
INSERT INTO Jogo VALUES (8,2021,2,2021-10-09,"Imortal","Benfica","72-77","1");
INSERT INTO Jogo VALUES (9,2021,2,2021-10-09,"Lusitânia","Ovarense","79-77","1");
INSERT INTO Jogo VALUES (10,2021,2,2021-10-09,"UD Oliveirense","CD Póvoa","88-67","1");
INSERT INTO Jogo VALUES (11,2021,2,2021-10-10,"Vitória SC","Illiabum","88-62","1");
INSERT INTO Jogo VALUES (12,2021,2,2021-10-10,"CAB Madeira","Académica","79-71","1");
INSERT INTO Jogo VALUES (13,2021,3,2021-10-16,"Ovarense","FC Porto","FC","1");
INSERT INTO Jogo VALUES (14,2021,3,2021-10-16,"Académica","Sporting","59-98","1");
INSERT INTO Jogo VALUES (15,2021,3,2021-10-16,"Illiabum","Imortal","74-84","1");
INSERT INTO Jogo VALUES (16,2021,3,2021-10-16,"Benfica","UD Oliveirense","97-70","1");
INSERT INTO Jogo VALUES (17,2021,3,2021-10-16,"Lusitânia","Vitória SC","80-71","1");
INSERT INTO Jogo VALUES (18,2021,3,2021-10-17,"CD Póvoa","CAB Madeira","56-72","1");
INSERT INTO Jogo VALUES (19,2021,4,2021-10-22,"FC Porto","Académica","68-46","1");
INSERT INTO Jogo VALUES (20,2021,4,2021-10-23,"CAB Madeira","Benfica","66-84","1");
INSERT INTO Jogo VALUES (21,2021,4,2021-10-23,"Imortal","Lusitânia","87-85","1");
INSERT INTO Jogo VALUES (22,2021,4,2021-10-23,"CD Póvoa","Sporting","68-71","1");
INSERT INTO Jogo VALUES (23,2021,4,2021-10-23,"UD Oliveirense","Illiabum","79-78","1");
INSERT INTO Jogo VALUES (24,2021,4,2021-10-24,"Vitória SC","Ovarense","81-82","1");
INSERT INTO Jogo VALUES (25,2021,1,2022-04-03,"Sporting","Benfica","76-90","2");
INSERT INTO Jogo VALUES (26,2021,1,2022-04-03,"FC Porto","UD Oliveirense","91-64","2");
INSERT INTO Jogo VALUES (27,2021,1,2022-05-13,"Vitória SC","Illiabum","97-88","Despromoção");
INSERT INTO Jogo VALUES (28,2021,1,2022-05-13,"FC Porto","Imortal","87-46","Quartas");
INSERT INTO Jogo VALUES (29,2021,1,2022-05-21,"Benfica","UD Oliveirense","89-72","Meias");
INSERT INTO Jogo VALUES (30,2021,1,2022-06-04,"Benfica","FC Porto","79-58","Final");

-- EVENTO

INSERT INTO Evento VALUES (1, 0, 1);
INSERT INTO Evento VALUES (2, 1, 1);
INSERT INTO Evento VALUES (3, 2, 1);
INSERT INTO Evento VALUES (4, 3, 1);
INSERT INTO Evento VALUES (5, 4, 1);
INSERT INTO Evento VALUES (6, 5, 1);
INSERT INTO Evento VALUES (7, 6, 1);
INSERT INTO Evento VALUES (8, 7, 1);
INSERT INTO Evento VALUES (9, 8, 1);
INSERT INTO Evento VALUES (10, 9, 1);
INSERT INTO Evento VALUES (11, 10, 1);
INSERT INTO Evento VALUES (12, 11, 1);
INSERT INTO Evento VALUES (13, 12, 1);
INSERT INTO Evento VALUES (14, 13, 1);
INSERT INTO Evento VALUES (15, 14, 1);
INSERT INTO Evento VALUES (16, 15, 1);
INSERT INTO Evento VALUES (17, 16, 1);
INSERT INTO Evento VALUES (18, 17, 1);
INSERT INTO Evento VALUES (19, 18, 1);
INSERT INTO Evento VALUES (20, 19, 1);
INSERT INTO Evento VALUES (21, 20, 1);
INSERT INTO Evento VALUES (22, 21, 1);
INSERT INTO Evento VALUES (23, 22, 1);
INSERT INTO Evento VALUES (24, 23, 1);
INSERT INTO Evento VALUES (25, 24, 1);
INSERT INTO Evento VALUES (26, 25, 1);
INSERT INTO Evento VALUES (27, 26, 1);
INSERT INTO Evento VALUES (28, 27, 1);
INSERT INTO Evento VALUES (29, 28, 1);
INSERT INTO Evento VALUES (30, 29, 1);
INSERT INTO Evento VALUES (31, 30, 1);
INSERT INTO Evento VALUES (32, 31, 1);
INSERT INTO Evento VALUES (33, 32, 1);
INSERT INTO Evento VALUES (34, 33, 1);
INSERT INTO Evento VALUES (35, 34, 1);
INSERT INTO Evento VALUES (36, 35, 1);
INSERT INTO Evento VALUES (37, 36, 1);
INSERT INTO Evento VALUES (38, 37, 1);
INSERT INTO Evento VALUES (39, 38, 1);
INSERT INTO Evento VALUES (40, 39, 1);

-- PONTO

INSERT INTO Ponto VALUES (1, 2, 136299, 2);
INSERT INTO Ponto VALUES (2, 3, 136299, 6);
INSERT INTO Ponto VALUES (3, 2, 136299, 8);
INSERT INTO Ponto VALUES (4, 3, 184458, 10);
INSERT INTO Ponto VALUES (5, 1, 184458, 29);
INSERT INTO Ponto VALUES(6, 2, 219390, 10);
INSERT INTO Ponto VALUES(7, 2, 188613, 11);
INSERT INTO Ponto VALUES(8, 2, 279035, 12);

-- SUBSTITUIÇÃO

INSERT INTO Substituicao VALUES (1,136299,272934,25);
INSERT INTO Substituicao VALUES (2,184458,168487,38);
INSERT INTO Substituicao VALUES (3,136299,217588,1);
INSERT INTO Substituicao VALUES (4,192728,168487,4);
INSERT INTO Substituicao VALUES (5,272934,136299,7);
INSERT INTO Substituicao VALUES (6,170431,157282,9);
INSERT INTO Substituicao VALUES (7,157282,188613,15);
INSERT INTO Substituicao VALUES (8,188613,279035,24);
INSERT INTO Substituicao VALUES (9,219390,136299,30);
INSERT INTO Substituicao VALUES (10,131516,219390,35);
INSERT INTO Substituicao VALUES (11,136299,219390,31);